,mean_low_income,mean_high_income,percent_difference
age,36.78373786407767,44.24984058155847,20.29729209431992
education_num,9.595064724919094,11.611656676444332,21.01697080049912
capital_gain,148.75246763754046,4006.142456319347,2593.160335384125
capital_loss,53.14292071197411,195.00153041703865,266.9379247593765
hours_per_week,38.840210355987054,45.473026399693914,17.077188776565006
